SENSOR_ID,WEB_ID,FP_ID,BATT,LOC_ID,FROM_DATETIME,TO_DATETIME,LAT,LON,first_soilMes,last_soilMes,nNAs_soilMes,NAsRatio_soilMes,VDL_ID,VDL_CLASS
PI040298AD5G200384,ALG_VDL_Mn20-ACD1,ACD1,63%,8dPz59SEte1534867600026,2019-06-02 15:01:50,2019-08-31 15:01:50,37.1401846700159,-8.63503453068209,2018-08-21 17:15:00,2018-12-10 15:30:00,23344,0.710905381124951,MN20,MB-TEST
PI040298AD5G200484,ALG_VDL_SB04-BC31,BC31,58%,AWAUJIhxHA1552661375562,2019-06-02 15:01:50,2019-08-31 15:01:50,37.1387717754363,-8.63256201878418,2019-03-15 15:00:00,2019-07-28 09:00:00,133,0.0101790907699372,SB04,GRID
PI040298AD5G200671,ALG_VDL_Ss29-4A9D,4A9D,47%,mIhNKJ1OhH1535215566055,2019-06-02 15:01:50,2019-08-31 15:01:50,37.139453955359,-8.63277766440898,2018-08-25 18:00:00,2018-12-10 16:15:00,22184,0.683636363636364,SS29,SW3p-TEST
PI040298AD5G200816,ALG_VDL_TS14-2D8F,2D8F,85%,Cvg7QlZ48P1535451367123,2019-06-02 15:01:50,2019-08-31 15:01:50,37.1391692982982,-8.63465725650764,2018-08-28 11:30:00,2019-07-28 09:15:00,3128,0.0971790729464397,TS14,GRID
PI040298AD5G200986,ALG_VDL_LL07-4E44,4E44,61%,HstSaFxeCZ1553938982130,2019-06-02 15:01:50,2019-08-31 15:01:50,37.1426218113736,-8.62670797171837,2019-03-30 10:00:00,2019-07-27 19:15:00,188,0.016142881676112,LL07,GRID
PI040298AD5G201248,ALG_VDL_TS07-40EA,40EA,100%,0rdUdViCvx1535453803848,2019-06-02 15:01:50,2019-08-31 15:01:50,37.1387413413638,-8.63422964307922,2018-08-28 12:15:00,2019-07-28 09:00:00,5716,0.177598260059034,TS07,GRID
PI040298AD5G201682,ALG_VDL_Mn34-1CA2,1CA2,90%,yiS8fE2DmG1534871621291,2019-06-02 15:01:50,2019-08-31 15:01:50,37.1404057850978,-8.63541277004578,2018-08-21 18:30:00,2019-07-29 08:30:00,2086,0.063535575048733,MN34,MCb-TEST
PI040298AD5G201927,ALG_VDL_TS02*-0B9D,0B9D,46%,3JQFhVSTzU1553680202391,2019-06-02 15:01:50,2019-08-31 15:01:50,37.1385435042446,-8.63543388355283,2019-03-27 10:00:00,2019-07-28 09:00:00,133,0.0111446287916876,TS02,GRID
PI040298AD5G202379,ALG_VDL_LL04-4FD2,4FD2,60%,MezEmauMcn1553936465181,2019-06-02 15:01:50,2019-08-31 15:01:50,37.1442285240093,-8.6280606100996,2019-03-30 09:15:00,2019-07-27 19:15:00,188,0.0161387243540218,LL04,GRID
PI040298AD5G202510,ALG_VDL_LL10-4F85,4F85,57%,O3V7aL33zj1553941349665,2019-06-02 15:01:50,2019-08-31 15:01:50,37.141906521262,-8.62772461738462,2019-03-30 10:30:00,2019-07-27 19:30:00,187,0.0160597732737891,LL10,GRID
PI040298AD5G202636,ALG_VDL_Mn31-4176,4176,89%,qpjvoVkime1534870667080,2019-06-02 15:01:50,2019-08-31 15:01:50,37.1402325549045,-8.63535344442288,2018-08-21 18:15:00,2019-07-29 08:15:00,2111,0.0642950689854719,MN31,MC-TEST
PI040298AD5G203720,ALG_VDL_Og01-CF87,CF87,88%,KEuEizqP8E1535298576003,2019-06-02 15:01:50,2019-08-31 15:01:50,37.1408876828057,-8.63402680914387,2018-08-26 17:00:00,2019-07-29 09:15:00,2744,0.0848012856171581,OG01,GRID
PI040298AD5G203737,ALG_VDL_ER04*-74B8,74B8,63%,bzN7MY01Hn1553759256596,2019-06-02 15:01:50,2019-08-31 15:01:50,37.1409599782061,-8.63185631714937,2019-03-28 08:00:00,2019-07-29 09:15:00,36,0.00303900050650008,ER04,GRID
PI040298AD5G203983,ALG_VDL_Ss06*-CF45,CF45,54%,Lvm7mAWVLJ1553615611974,2019-06-02 15:01:50,2019-08-31 15:01:50,37.1393304001739,-8.63346528140333,2019-03-26 16:15:00,2019-07-28 08:45:00,136,0.0113286130778842,SS06,SW1b-TEST
PI040298AD5G204458,ALG_VDL_NF01-D85E,D85E,61%,m6IhoSq7O91554018021722,2019-06-02 15:01:50,2019-08-31 15:01:50,37.140396045494,-8.62928328455379,2019-03-31 09:00:00,2019-07-27 19:45:00,186,0.0160927496106593,NF01,GRID
PI040298AD5G204883,ALG_VDL_TS02-9FAC,9FAC,90%,971lMaOAbh1535455037186,2019-06-02 15:01:50,2019-08-31 15:01:50,37.1383959899351,-8.63561140725574,2018-08-26 11:45:00,2018-09-24 10:45:00,29598,0.914110997868989,TS02,GRID
PI040298AD5G205297,ALG_VDL_Mn24-716B,716B,88%,8c3gu0NhT61534868334994,2019-06-02 15:01:50,2019-08-31 15:01:50,37.1403152508821,-8.63510936988484,2018-08-21 17:30:00,2019-07-29 08:15:00,3324,0.101230356925326,MN24,MC-TEST
PI040298AD5I205667,ALG_VDL_TS04-66C4,66C4,89%,QCXimA0HlX1535454572288,2019-06-02 15:01:50,2019-08-31 15:01:50,37.1385232731897,-8.63510403342741,2018-08-26 12:00:00,2019-07-28 09:00:00,2815,0.0869417505713756,TS04,GRID
PI040298AD5I205993,ALG_VDL_Tn07-6501,6501,78%,2OhB59HXPV1533052721808,2019-06-02 15:01:50,2019-08-31 15:01:50,37.1391359857535,-8.63555584962462,2018-08-17 12:15:00,2018-10-13 14:45:00,27758,0.835053097078909,TN07,GRID
PI040298AD5I206183,ALG_VDL_SS47-65BE,65BE,61%,UTQ9iQp32y1535218909692,2019-06-02 15:01:50,2019-08-31 15:01:50,37.13949353,-8.631926458,2018-08-25 19:00:00,2018-12-25 10:15:00,21501,0.66267028293164,SS47,HPG-CONTROL
PI040298AD5I206187,ALG_VDL_Og02-65E0,65E0,55%,y05c942uCK1535299209934,2019-06-02 15:01:50,2019-08-31 15:01:50,37.1409470915287,-8.63364941350972,2018-08-26 17:15:00,2019-02-07 10:45:00,16550,0.511481286893099,OG02,GRID
PI040298AD5I206193,ALG_VDL_Tn12-64E8,64E8,97%,OeuHFYPaes1533055734692,2019-06-02 15:01:50,2019-08-31 15:01:50,37.1392864139543,-8.6358735806671,2018-08-17 12:00:00,2019-07-28 18:30:00,12618,0.379580049335178,TN12,GRID
PI040298AD5I206195,ALG_VDL_Tn08-6C89,6C89,59%,cfL1L7jw8R1533053993040,2019-06-02 15:01:50,2019-08-31 15:01:50,37.1391359857535,-8.63555584962462,2018-08-17 12:00:00,2019-07-28 18:45:00,5153,0.155014740388665,TN08,GRID
PI040298AD5I206247,Fw01-5991,5991,56%,oQPpcXdSeR1531387325357,2019-06-02 15:01:50,2019-08-31 15:01:50,37.1394531703043,-8.63081180162469,2018-08-17 12:00:00,2019-07-27 19:45:00,335,0.0100776126586848,FW01,GRID
PI040298AD5I206466,ALG_VDL_Tn11-6DB3,6DB3,90%,5lgSqcOHFA1533055312558,2019-06-02 15:01:50,2019-08-31 15:01:50,37.1395966152931,-8.63483458349286,2018-08-17 12:15:00,2019-07-28 18:45:00,4471,0.134502572124786,TN11,GRID
PI040298AD5I206943,ALG_VDL_FE01-8F37,8F37,63%,kMsaAeqhsp1554017141330,2019-06-02 15:01:50,2019-08-31 15:01:50,37.1394359649883,-8.62972720158846,2019-03-31 08:45:00,2019-07-27 19:45:00,186,0.0160913573838567,FE01,GRID
PI040298AD5I206995,ALG_VDL_Og04-6F1C,6F1C,0%,XWK1qUaeW41535299513915,2019-06-02 15:01:50,2019-08-31 15:01:50,37.1409286318004,-8.63331844492779,2018-09-04 13:00:00,2019-07-29 09:15:00,36,0.00114249444620755,OG04,GRID
PI040298AD5I207989,ALG_VDL_Mn35-676F,676F,30%,sWnfofyy9K1534871826986,2019-06-02 15:01:50,2019-08-31 15:01:50,37.1404057850978,-8.63541277004578,2018-08-21 18:30:00,2019-04-20 18:00:00,9613,0.292793615984405,MN35,MC-TEST
PI040298AD5I208065,ALG_VDL_Tn15-6B0C,6B0C,100%,RCVIV2w6qr1533057202798,2019-06-02 15:01:50,2019-08-31 15:01:50,37.1396330421975,-8.63564754770685,2018-08-17 12:15:00,2019-03-31 15:45:00,26211,0.788514184290485,TN15,GRID
PI040298AD5I208079,Fr01-6A37,6A37,69%,5hI12wAFjv1531386302928,2019-06-02 15:01:50,2019-08-31 15:01:50,37.140053431288,-8.63033387871597,2018-08-17 12:00:00,2018-10-26 08:45:00,26535,0.798237169845376,FR01,GRID
PI040298AD5I208350,Burgau2-6a22,6A22,57%,FDCtY3Myk01534956289457,2019-06-02 15:01:50,2019-08-31 15:01:50,37.0720011536534,-8.77515150648126,,,,,,
PI040298AD5I208428,ALG_VDL_SB07-65C0,65C0,53%,MoKTE7kpBl1535456972621,2019-06-02 15:01:50,2019-08-31 15:01:50,37.1384628549096,-8.63428816787675,2018-08-26 10:30:00,2018-12-10 13:45:00,23079,0.712666749011858,SB07,GRID
PI040298AD5I208445,ALG_VDL_Tn14-6536,6536,86%,Ifw170k66Q1533056569306,2019-06-02 15:01:50,2019-08-31 15:01:50,37.1392702562763,-8.63614063873349,2018-08-17 12:00:00,2019-07-29 08:30:00,1057,0.031797124120089,TN14,GRID
PI040298AD5I208531,ALG_VDL_VY01-805C,805C,78%,fhYI5qImzV1553963740749,2019-06-02 15:01:50,2019-08-31 15:01:50,37.139640048995,-8.62924423948207,2019-03-30 16:45:00,2019-06-30 16:45:00,2790,0.24012393493416,TS15,GRID
PI040298AD5I208734,ALG_VDL_OG02*-11F6,11F6,60%,RJxAG6jUpq1553761882332,2019-06-02 15:01:50,2019-08-31 15:01:50,37.1408555991583,-8.63364826886478,2019-03-28 08:45:00,2019-07-29 09:15:00,9600,0.810605420923752,OG02,GRID
PI040298AD5I208783,ALG_VDL_Tn02-6710,671D,90%,J4U3lKlFOa1533049255044,2019-06-02 15:01:50,2019-08-31 15:01:50,37.139137185661,-8.63520334506922,2018-08-17 12:15:00,2019-07-28 18:30:00,100,0.00300833308263891,TN02,GRID
PI040298AD5I208794,ALG_VDL_Tn17-6791,6791,91%,jw8QLULVYM1533058244803,2019-06-02 15:01:50,2019-08-31 15:01:50,37.1396613140%\r618,-8.63481873756822,2018-08-17 12:15:00,2019-07-28 19:00:00,96,0.00288799975933335,TN17,GRID
PI040298AD5I208806,ALG_VDL_TS05-7C4B,7C4B,89%,NovY1r8ej51535454249451,2019-06-02 15:01:50,2019-08-31 15:01:50,37.138494092459,-8.63476108910324,2018-08-28 12:15:00,2019-07-28 09:00:00,351,0.010905701413702,TS05,GRID
PI040298AD5I209116,ALG_VDL_LL05-9B35,9B35,59%,2xc1jI7Mys1553937523928,2019-06-02 15:01:50,2019-08-31 15:01:50,37.143791143338,-8.62704294811653,2019-03-30 09:30:00,2019-07-27 19:15:00,188,0.0161401098901099,LL05,GRID
PI040298AD5I209128,ALG_VDL_Ss30-6CD4,6CD4,86%,3cM4q8Cmdb1535216047258,2019-06-02 15:01:50,2019-08-31 15:01:50,37.1393443442945,-8.6327855629385,2018-08-25 18:00:00,2019-01-09 15:15:00,19308,0.595007704160247,SS30,SW3p-TEST
PI040298AD5I209167,ALG_VDL_Ss57-C1C8,C1C8,20%,QNm3ijpsx31535220989368,2019-06-02 15:01:50,2019-08-31 15:01:50,37.13900839,-8.632009607,2018-08-25 19:30:00,2018-12-10 16:00:00,22185,0.683793613611145,SS57,GRID
PI040298AD5I209222,ALG_VDL_LL09-75E0,75E0,61%,DGAp6jaY6E1553940534009,2019-06-02 15:01:50,2019-08-31 15:01:50,37.1408996965353,-8.62691176890927,2019-03-30 10:15:00,2019-07-27 19:15:00,188,0.0161442679261486,LL09,GRID
PI040298AD5I209329,ALG_VDL_Tn06-983A,983A,90%,FJxIP0Z0VK1533051680469,2019-06-02 15:01:50,2019-08-31 15:01:50,37.1394273161197,-8.63513556594081,2018-08-17 12:15:00,2019-07-28 18:30:00,95,0.00285791642850696,TN06,GRID
PI040298AD5I209386,ALG_VDL_Ss54-6D13,6D13,87%,WJd2bAJl1l1535462201843,2019-06-02 15:01:50,2019-08-31 15:01:50,37.1391829203616,-8.63174107131516,2018-08-25 19:30:00,2019-07-29 17:30:00,2752,0.084823079768216,SS54,GRID
PI040298AD5I209484,ALG_VDL_Tn10-59FF,59FF,88%,MGS0mfmt4q1533054943296,2019-06-02 15:01:50,2019-08-31 15:01:50,37.1395966152931,-8.63483458349286,2018-08-17 12:00:00,2019-07-28 18:45:00,8736,0.262800072197822,TN10,GRID
PI040298AD5I209489,ALG_VDL_Mn30-59F0,59F0,100%,D0zqgju1ho1534870198551,2019-06-02 15:01:50,2019-08-31 15:01:50,37.1403760428248,-8.63521370227103,2018-08-21 18:00:00,2019-07-29 08:30:00,20156,0.613875860388622,MN30,MB-TEST
PI040298AD5I209621,ALG_VDL_Mn09*-7F84,7F84,62%,wh5NZlmu3o1553621202152,2019-06-02 15:01:50,2019-08-31 15:01:50,37.1400219727356,-8.63547212288764,2019-03-26 17:45:00,2019-07-29 07:45:00,42,0.00350029169097425,MN09,HM-CONTROL
PI040298AD5I209872,ALG_VDL_Tn01-6F72,6F72,90%,fOsHPssg8T1533047994390,2019-06-02 15:01:50,2019-08-31 15:01:50,37.1391365802972,-8.63520434280467,2018-08-17 12:00:00,2019-07-28 18:30:00,11627,0.34976836532098,TN01,GRID
PI040298AD5I209922,ALG_VDL_Tn16-6E45,6E45,0%,8xzMIS0Eqc1533057778332,2019-06-02 15:01:50,2019-08-31 15:01:50,37.1396330421975,-8.63564754770685,2018-08-17 12:00:00,2019-07-29 17:45:00,4,0.000120329703387281,TN16,GRID
PI040298AD5I210659,ALG_VDL_Tn03-C488,C488,91%,PshDHbDAJL1533050332875,2019-06-02 15:01:50,2019-08-31 15:01:50,37.1393986996741,-8.63470392678922,2018-08-17 12:00:00,2019-07-28 18:30:00,1392,0.0418747367787738,TN03,GRID
PI040298AD5I210661,ALG_VDL_SB07-1112,1112,59%,phXvcqFMYE1552661728870,2019-06-02 15:01:50,2019-08-31 15:01:50,37.1386386887476,-8.63359501020992,2019-03-15 15:15:00,2019-07-28 08:45:00,134,0.0102564102564103,SB07,GRID
PI040298AD5I210868,ALG_VDL_Ss01-5FD8,5FD8,48%,caYV2EkhLP1535188065329,2019-06-02 15:01:50,2019-08-31 15:01:50,37.1391344033013,-8.63360349267156,2018-08-25 10:15:00,2019-01-09 15:00:00,20003,0.615836950832795,SS01,SW1a-TEST
PI040298AD5I210872,ALG_VDL_Mn03-5D17,5D17,0%,LjM8kSdx3z1534849423584,2019-06-02 15:01:50,2019-08-31 15:01:50,37.1399606587496,-8.63466836005483,2018-08-21 12:15:00,2019-07-29 17:30:00,3541,0.107770033782756,MN03,HM-CONTROL
PI040298AD5I210900,ALG_VDL_MN28-63B0,63B0,87%,cBFdbKbHoV1534869946829,2019-06-02 15:01:50,2019-08-31 15:01:50,37.1403760428248,-8.63521370227103,2018-08-21 17:45:00,2019-07-29 08:30:00,4593,0.139881224303335,MN28,MA-TEST
PI040298AD5I210909,ALG_VDL_SS39-63D4,63D4,6%,LnzPLFh4Jl1535217493479,2019-06-02 15:01:50,2019-08-31 15:01:50,37.13909967,-8.632393582,2018-08-25 18:45:00,2019-05-12 07:30:00,11886,0.366320461059574,SS39,HPG-TEST
PI040298AD5I210925,ALG_VDL_ER05-5B33,5B33,6%,NrudXlJXLE1535450050025,2019-06-02 15:01:50,2019-08-31 15:01:50,37.1409019333655,-8.63163603480624,2018-08-28 11:00:00,2019-07-29 09:00:00,37,0.00114942528735632,ER05,GRID
PI040298AD5I210983,ALG_VDL_Ss01*-0F2F,0F2F,58%,KQKkJXgCcI1553613301729,2019-06-02 15:01:50,2019-08-31 15:01:50,37.1391255329508,-8.63363300738084,2019-03-26 15:30:00,2019-07-28 08:30:00,135,0.0112425049966689,SS01,SW1a-TEST
PI040298AD5I210985,ALG_VDL_Mn27-0F48,0F48,40%,Q4lXEbWcrK1534869086737,2019-06-02 15:01:50,2019-08-31 15:01:50,37.1402968501519,-8.63518289704768,2018-08-21 17:45:00,2019-01-24 11:00:00,17881,0.544571341556266,MN27,MAb-TEST
PI040298AD5I210998,ALG_VDL_SB11-A45D,A45D,91%,btugHA2Mqn1535456523021,2019-06-02 15:01:50,2019-08-31 15:01:50,37.1383135411643,-8.63488530939955,2018-08-26 11:00:00,2019-07-28 08:45:00,3032,0.0936322648384905,SB11,GRID
PI040298AD5I211031,ALG_VDL_SS40-2E26,2E26,88%,3th6MKTFWB1535217877515,2019-06-02 15:01:50,2019-08-31 15:01:50,37.13919749,-8.632476144,2018-08-25 18:45:00,2019-07-29 17:45:00,132,0.00406817271242334,SS40,HPG-TEST
PI040298AD5I211046,ALG_VDL_TS15-2EB1,2EB1,89%,ywUpTzoVJg1535451070883,2019-06-02 15:01:50,2019-08-31 15:01:50,37.1390917129152,-8.6342923545556,2018-08-28 11:30:00,2019-07-28 18:30:00,458,0.0142289051820554,TS15,GRID
PI040298AD5I211052,ALG_VDL_Ss06-321D,321D,12%,WUI2nn0kXs1535189281290,2019-06-02 15:01:50,2019-08-31 15:01:50,37.1392988116444,-8.63355262959753,2018-08-25 10:45:00,2019-01-24 14:30:00,21149,0.651159210566828,SS06,SW1b-TEST
PI040298AD5I211062,ALG_VDL_Mn45-31DD,31DD,52%,DxuRhI28951534873582880,2019-06-02 15:01:50,2019-08-31 15:01:50,37.1404475396936,-8.63501650937595,2018-08-21 19:00:00,2019-03-02 10:45:00,16011,0.487694182150472,MN45,MA-TEST
PI040298AD5I211070,ALG_VDL_SS22-39B3,39B3,83%,j6F3zrWZNk1535470631365,2019-06-02 15:01:50,2019-08-31 15:01:50,37.1392978766439,-8.63291060513885,2018-08-28 16:45:00,2018-10-26 10:00:00,26533,0.824851555942425,SS22,SW3a-TEST
PI040298AD5I211083,ALG_VDL_Mn04-3A30,3A30,75%,eG9zvVzB7z1534849663856,2019-06-02 15:01:50,2019-08-31 15:01:50,37.1398819704364,-8.63526069498754,2018-08-21 12:15:00,2018-10-13 15:30:00,27755,0.844721064004626,MN04,HM-TEST
PI040298AD5I211125,ALG_VDL_Ss28-4186,4186,43%,azAU3s8fqb1535215741828,2019-06-02 15:01:50,2019-08-31 15:01:50,37.139453955359,-8.63277766440898,2018-08-25 11:45:00,2019-04-21 07:00:00,10718,0.330038491147036,SS28,SW3b-TEST
PI040298AD5I211129,ALG_VDL_Mn06-41BE,41BE,76%,kkDlUEz5zD1534850226684,2019-06-02 15:01:50,2019-08-31 15:01:50,37.1398819704364,-8.63526069498754,2018-08-21 12:30:00,2019-07-29 07:45:00,27236,0.828950572193815,MN06,HM-TEST
PI040298AD5I211152,ALG_VDL_SS57-*5A23,5A23,60%,xm3fSYwseM1554048306140,2019-06-02 15:01:50,2019-08-31 15:01:50,37.1390207163054,-8.63201195618469,2019-04-10 15:30:00,2019-07-29 17:45:00,116,0.0109723798713583,SS57,GRID
PI040298AD5I211153,ALG_VDL_MN35*-5B79,5B79,69%,VJOPU3cokL1557129727715,2019-06-02 15:01:50,2019-08-31 15:01:50,37.1404092832598,-8.63535220628082,,,,,,
PI040298AD5I211154,ALG_VDL_SS15-5BC7,5BC7,12%,QSGOlxu4GS1535470691003,2019-06-02 15:01:50,2019-08-31 15:01:50,37.1392978766439,-8.63291060513885,2018-08-28 18:45:00,2019-03-02 13:00:00,14386,0.447339780465811,SS15,SW2t-TEST
PI040298AD5I211178,ALG_VDL_Mn17-1099,1099,33%,ub684UMsBv1534867121078,2019-06-02 15:01:50,2019-08-31 15:01:50,37.1401846700159,-8.63503453068209,2018-08-21 17:15:00,2019-05-06 07:45:00,8790,0.267685842190212,MN17,SW-TEST
PI040298AD5I211329,ALG_VDL_Ss43-A06F,A06F,12%,b9y2LYwYn51535218609246,2019-06-02 15:01:50,2019-08-31 15:01:50,37.1393255453694,-8.63201479911053,2018-08-25 18:45:00,2019-07-29 18:00:00,2678,0.0825345948778007,SS43,HPG-TEST
PI040298AD5I211332,ALG_VDL_OG07-9559,9559,53%,c71lkZ0g2A1535299113601,2019-06-02 15:01:50,2019-08-31 15:01:50,37.14050313,-8.633361524,2018-08-26 17:15:00,2019-02-07 11:00:00,18647,0.576289520042031,OG07,GRID
PI040298AD5I211334,ALG_VDL_Ss31-9431,9431,29%,pUv962F8pH1535216200274,2019-06-02 15:01:50,2019-08-31 15:01:50,37.1393443442945,-8.6327855629385,2018-08-25 18:15:00,2018-12-10 16:30:00,23418,0.721686338562051,SS31,SW3p-TEST
PI040298AD5I211342,Fr02-9417,9417,9%,syYfkQ8xNC1531386630830,2019-06-02 15:01:50,2019-08-31 15:01:50,37.14008966,-8.630561214,2018-08-17 12:00:00,2019-06-14 09:45:00,4354,0.130978882137056,FR02,GRID
PI040298AD5I211347,ALG_VDL_ER03-9545,9545,24%,RHwcYx7K101535449524728,2019-06-02 15:01:50,2019-08-31 15:01:50,37.1408710655339,-8.63255301862945,2018-08-28 11:00:00,2019-07-29 09:00:00,10372,0.322211867039453,ER03,GRID
PI040298AD5I211397,ALG_VDL_Tn09-9592,9592,89%,0FgVQljsFg1533054246260,2019-06-02 15:01:50,2019-08-31 15:01:50,37.1395966152931,-8.63483458349286,2018-08-17 12:00:00,2019-07-28 18:45:00,4121,0.123969676914746,TN09,GRID
PI040298AD5I211401,ALG_VDL_Sb05-95B0,95B0,0%,Ne6qoADmUA1535263656315,2019-06-02 15:01:50,2019-08-31 15:01:50,37.1387280674419,-8.63291797671073,2018-08-25 20:15:00,2019-07-28 09:00:00,2857,0.0880675688172375,SB05,GRID
PI040298AD5I211409,ALG_VDL_TS03-4630,4630,100%,QQ6doTNm7U1535279369868,2019-06-02 15:01:50,2019-08-31 15:01:50,37.13832962,-8.635290116,2018-08-26 11:45:00,2019-07-28 09:15:00,7066,0.218227863738843,TS03,GRID
PI040298AD5I211452,ALG_VDL_Tn13-9FFC,9FFC,87%,ugWJA2HRIV1533056324298,2019-06-02 15:01:50,2019-08-31 15:01:50,37.1392702562763,-8.63614063873349,2018-08-17 12:15:00,2019-07-28 18:30:00,3727,0.112120573989952,TN13,GRID
PI040298AD5I211458,ALG_VDL_Ss56-A003,A003,88%,ZSSob2wl7N1535221323215,2019-06-02 15:01:50,2019-08-31 15:01:50,37.1392071909022,-8.63173371516953,2018-08-25 19:30:00,2019-07-29 17:45:00,5588,0.172235236099125,SS56,GRID
PI040298AD5I211602,ALG_VDL_Ss09-5B9E,5B9E,49%,KmHg5KtcKg1535190334384,2019-06-02 15:01:50,2019-08-31 15:01:50,37.1392320114255,-8.63343243218945,2018-08-25 11:00:00,2019-03-31 17:00:00,11525,0.354855594556315,SS09,SW1p-TEST
PI040298AD5I211603,ALG_VDL_Mn09-5B8B,5B8B,22%,9eTwz2TQy21534851108880,2019-06-02 15:01:50,2019-08-31 15:01:50,37.1398404525955,-8.63566548562686,2018-08-21 12:45:00,2019-02-07 10:30:00,17843,0.543083244559428,MN09,HM-CONTROL
PI040298AD5I211618,ALG_VDL_Ss03*-4BD0,4BD0,96%,fl4AT88tAy1553614458702,2019-06-02 15:01:50,2019-08-31 15:01:50,37.139229958953,-8.63356721143994,2019-03-26 15:45:00,2019-03-31 17:15:00,11524,0.959773465478471,SS03,SW1a-TEST
PI040298AD5I211625,ALG_VDL_Ss13*-56EB,56EB,58%,8X7EWhUx8i1553618904028,2019-06-02 15:01:50,2019-08-31 15:01:50,37.1392348650421,-8.63334486488551,2019-03-26 17:00:00,2019-07-28 16:45:00,102,0.0084985835694051,SS13,SW2a-TEST
PI040298AD5I211628,ALG_VDL_Ss33-4BEA,4BEA,67%,KVywlIN6BC1535216699421,2019-06-02 15:01:50,2019-08-31 15:01:50,37.1397003975766,-8.63259927053273,2018-08-25 18:15:00,2018-11-27 14:00:00,23441,0.722395143147709,SS33,SW3p-TEST
PI040298AD5I211649,ALG_VDL_TN15*-B17C,B17C,86%,iKNUqeXmzO1564386047452,2019-06-02 15:01:50,2019-08-31 15:01:50,37.1396425432979,-8.63560648468544,,,,,,
PI040298AD5I211658,ALG_VDL_SS51-9610,9610,3%,2GSZ0xQwt61535219432166,2019-06-02 15:01:50,2019-08-31 15:01:50,37.1400117,-8.631588835,2018-08-25 19:15:00,2019-07-29 17:45:00,2,6.1642780089382e-05,SS51,GRID
PI040298AD5I211659,ALG_VDL_Ss52-9609,9609,82%,75Pso1CQXD1535219775644,2019-06-02 15:01:50,2019-08-31 15:01:50,37.1401575060425,-8.63127722066869,2018-08-25 19:15:00,2019-07-29 18:30:00,11867,0.365757435660348,SS52,GRID
PI040298AD5I211670,ALG_VDL_Sb04-9FB7,9FB7,75%,9PZhMsl9sC1535223087989,2019-06-02 15:01:50,2019-08-31 15:01:50,37.1387543293242,-8.63257025168467,2018-08-25 20:00:00,2018-10-26 09:00:00,26537,0.817982861722459,SB04,GRID
PI040298AD5I211673,ALG_VDL_WZ02-95F5,95F5,88%,30FPO7dgWk1535276956614,2019-06-02 15:01:50,2019-08-31 15:01:50,37.13814656,-8.635955723,2018-08-26 11:15:00,2019-07-28 09:00:00,11534,0.356196535005096,WZ02,GRID
PI040298AD5I211785,ALG_VDL_Sb03-58A2,58A2,60%,UmYVVUTu5F1535222864479,2019-06-02 15:01:50,2019-08-31 15:01:50,37.1389281082744,-8.63170292600176,2018-08-25 20:00:00,2019-01-24 09:00:00,17893,0.551538129585106,SB03,GRID
PI040298AD5I211999,ALG_VDL_Mn02-2CD5,2CD5,91%,Fq2FXgQLM81534849197309,2019-06-02 15:01:50,2019-08-31 15:01:50,37.1399606587496,-8.63466836005483,2018-08-21 12:15:00,2019-07-29 07:45:00,4922,0.14980065130718,MN02,HM-TEST
PI040298AD5I212028,ALG_VDL_FF01-3217,3217,100%,FVCsxeXd0X1554018712106,2019-06-02 15:01:50,2019-08-31 15:01:50,37.1402325732919,-8.6300348604278,2019-03-31 09:00:00,2019-03-31 16:30:00,11527,0.99731787506489,FF01,GRID
PI040298AD5I212031,ALG_VDL_Ss05-334B,334B,87%,GoIyvC38cb1535189050554,2019-06-02 15:01:50,2019-08-31 15:01:50,37.1392988116444,-8.63355262959753,2018-08-25 10:45:00,2018-09-24 11:15:00,29596,0.911234951815019,SS05,SW1t-TEST
PI040298AD5I212037,ALG_VDL_ER06-4EFA,4EFA,9%,2UpXZ9qsrK1535450249236,2019-06-02 15:01:50,2019-08-31 15:01:50,37.1408468578644,-8.63132418110961,2018-08-28 11:15:00,2019-07-29 09:00:00,38,0.00118052750939762,ER06,GRID
PI040298AD5I212069,ALG_VDL_Mn47-40A0,40A0,9%,W4XoKIJSwt1534873927047,2019-06-02 15:01:50,2019-08-31 15:01:50,37.1404475396936,-8.63501650937595,2018-08-21 19:00:00,2019-07-29 17:15:00,4,0.000121839780688395,MN47,MA-TEST
PI040298AD5I212106,ALG_VDL_Sb01-586F,586F,86%,LnsQRG3RFc1535222293129,2019-06-02 15:01:50,2019-08-31 15:01:50,37.13898291,-8.631051807,2018-08-25 20:00:00,2019-07-28 08:45:00,138,0.00425374514518217,SB01,GRID
PI040298AD5I212108,ALG_VDL_Ss21-5F9D,5F9D,23%,cBdmhXvyjr1535192256090,2019-06-02 15:01:50,2019-08-31 15:01:50,37.139206121734,-8.6331614149763,2018-08-25 11:30:00,2019-06-14 18:30:00,4321,0.133052100012317,SS21,SW2p-TEST
PI040298AD5I212109,ALG_VDL_Mn21-5FA9,5FA9,42%,xc0XeoFooL1534867802196,2019-06-02 15:01:50,2019-08-31 15:01:50,37.1401846700159,-8.63503453068209,2018-08-21 17:30:00,2018-12-24 13:30:00,20847,0.634882446095749,MN21,SW-TEST
PI040298AD5I212110,ALG_VDL_Mn01-6074,6074,78%,slb8cR0rGB1534848896696,2019-06-02 15:01:50,2019-08-31 15:01:50,37.1399606587496,-8.63466836005483,2018-08-21 12:15:00,2018-10-26 12:30:00,26519,0.807103509145692,MN01,GRID
PI040298AD5I212118,ALG_VDL_Ss27-5208,5208,36%,1Ykhp4jNr91535193731465,2019-06-02 15:01:50,2019-08-31 15:01:50,37.139391302219,-8.63293890035322,2018-08-25 12:00:00,2019-05-12 07:30:00,8656,0.266551702900782,SS27,SW3b-TEST
PI040298AD5I212135,ALG_VDL_TS10-2D1F,2D1F,88%,X2KKrNKaU61535452887181,2019-06-02 15:01:50,2019-08-31 15:01:50,37.1388664862417,-8.6345981000569,2018-08-28 12:00:00,2019-07-28 09:15:00,268,0.00832660162803704,TS10,GRID
PI040298AD5I212139,ALG_VDL_TS06-2D46,2D46,13%,bFqZZnoxk21535454015361,2019-06-02 15:01:50,2019-08-31 15:01:50,37.1387182447023,-8.63455445394471,2018-08-28 12:15:00,2019-07-28 09:00:00,2318,0.0720211278545907,TS06,GRID
PI040298AD5I212141,ALG_VDL_Mn07-35E2,35E2,88%,HF0Z1gIeVp1534850507740,2019-06-02 15:01:50,2019-08-31 15:01:50,37.1398404525955,-8.63566548562686,2018-08-21 12:30:00,2019-07-29 07:45:00,391,0.011900413927441,MN07,HM-CONTROL
PI040298AD5I212148,ALG_VDL_Mn18-34A3,34A3,52%,MPOlzrTRqG1534867267756,2019-06-02 15:01:50,2019-08-31 15:01:50,37.1401846700159,-8.63503453068209,2018-08-21 17:15:00,2019-01-08 12:45:00,19410,0.591101501355179,MN18,MB-TEST
PI040298AD5I212289,ALG_VDL_SB03-07B7,07B7,58%,PBtqf1MIuR1552661068243,2019-06-02 15:01:50,2019-08-31 15:01:50,37.1388302137528,-8.6322132497751,2019-03-15 15:00:00,2019-07-28 07:15:00,140,0.0107148323894076,SB03,GRID
PI040298AD5I212373,ALG_VDL_Ss10-391F,391F,52%,FyUNIBCebU1535190533951,2019-06-02 15:01:50,2019-08-31 15:01:50,37.1391308108068,-8.63339052842582,2018-08-25 11:00:00,2018-10-29 10:30:00,26900,0.828252971242072,SS10,SW1p-TEST
PI040298AD5I212432,ALG_VDL_LL02-B1C9,B1C9,62%,3fxbz0a8WU1553935347943,2019-06-02 15:01:50,2019-08-31 15:01:50,37.142873642697,-8.62850041347705,2019-03-30 09:00:00,2019-07-27 19:00:00,189,0.0162231759656652,LL02,GRID
PI040298AD5I212453,ALG_VDL_Mn41-FFFD,FFFD,74%,j9rqYf9Yo21534872831735,2019-06-02 15:01:50,2019-08-31 15:01:50,37.1404598619774,-8.63525056869004,2018-08-21 18:45:00,2018-11-14 16:45:00,24674,0.751545795132649,MN41,MC-TEST
PI040298AD5I212473,ALG_VDL_Ss23-0025,0025,75%,R72UJzmJf01535192753018,2019-06-02 15:01:50,2019-08-31 15:01:50,37.1393363058295,-8.6331370088226,2018-08-25 11:45:00,2018-11-15 09:45:00,25747,0.792825250192456,SS23,SW3a-TEST
PI040298AD5I212515,ALG_VDL_Ss07*-09A7,09A7,57%,PTcaoiGpJF1553616353760,2019-06-02 15:01:50,2019-08-31 15:01:50,37.1393304001739,-8.63346528140333,2019-03-26 16:15:00,2019-07-28 08:30:00,3337,0.277967513536027,SS07,SW1b-TEST
PI040298AD5I212535,ALG_VDL_TS08-0876,0876,0%,sUUIJFT7cL1535453451771,2019-06-02 15:01:50,2019-08-31 15:01:50,37.1388996629387,-8.63396241241265,2018-08-28 12:00:00,2019-07-28 09:00:00,1897,0.0589386689865159,TS08,GRID
PI040298AD5I212544,ALG_VDL_Og08-09E3,09E3,89%,KABUoTC0mu1535300345924,2019-06-02 15:01:50,2019-08-31 15:01:50,37.1406913233534,-8.63314265252397,2018-08-26 17:30:00,2019-07-29 09:15:00,36,0.00111262207936704,OG08,GRID
PI040298AD5I212558,ALG_VDL_TS13-06A9,06A9,87%,0w8SGavObH1535451584908,2019-06-02 15:01:50,2019-08-31 15:01:50,37.1390587731204,-8.63489524152664,2018-08-28 11:30:00,2019-07-28 09:15:00,13658,0.424319622219461,TS13,GRID
PI040298AD5I212562,ALG_VDL_Ss49-0808,0808,80%,kb5zTZkY401535219454442,2019-06-02 15:01:50,2019-08-31 15:01:50,37.1398214785198,-8.63214084208383,2018-08-25 19:00:00,2018-10-29 10:30:00,26239,0.808697528200703,SS49,GRID
PI040298AD5I212585,ALG_VDL_TS09-FF63,FF63,88%,hF9nVKFI6P1535453119429,2019-06-02 15:01:50,2019-08-31 15:01:50,37.1389782906126,-8.63424362173548,2018-08-28 12:00:00,2019-07-28 09:00:00,625,0.0194183806623998,TS09,GRID
PI040298AD5I212610,ALG_VDL_TS12-07CF,07CF,100%,IqQHZSXAIC1535452068090,2019-06-02 15:01:50,2019-08-31 15:01:50,37.138861052963,-8.63523227210566,2018-08-28 11:30:00,2019-07-28 09:15:00,23130,0.718590779172362,TS12,GRID
PI040298AD5I212622,ALG_VDL_MN12*-C05B,C05B,61%,DxCY3hpSjk1553765240984,2019-06-02 15:01:50,2019-08-31 15:01:50,37.1401362099864,-8.63472813486555,2019-03-28 09:45:00,2019-07-29 07:45:00,42,0.003547596925416,MN12,GRID
PI040298AD5I212625,ALG_VDL_Mn11*-B12D,B12D,59%,EGZEMNYCGZ1553620965551,2019-06-02 15:01:50,2019-08-31 15:01:50,37.1399218581937,-8.63561556820731,2019-03-26 17:30:00,2019-07-29 07:45:00,42,0.0035,MN11,HM-TEST
PI040298AD5I212626,ALG_VDL_TN07*-B122,B122,61%,adwDxe45pb1553683273282,2019-06-02 15:01:50,2019-08-31 15:01:50,37.1391440334598,-8.6355722852715,2019-03-27 11:00:00,2019-07-28 18:30:00,95,0.00796311818943839,TN07,GRID
PI040298AD5I212632,ALG_VDL_SB12-2BB7,2BB7,91%,0wuGkGKKZ71535456384667,2019-06-02 15:01:50,2019-08-31 15:01:50,37.1382209719975,-8.63524307661699,2018-08-26 11:15:00,2019-07-28 08:45:00,138,0.00426175843859053,SB12,GRID
PI040298AD5I212667,ALG_VDL_Ss08-249F,249F,7%,15VPzoVR991535190110536,2019-06-02 15:01:50,2019-08-31 15:01:50,37.1392320114255,-8.63343243218945,2018-08-25 10:45:00,2019-07-28 08:30:00,139,0.00427968841405216,SS08,SW1b-TEST
PI040298AD5I212668,ALG_VDL_Mn38-2187,2187,75%,Dp4ZyYkwhh1534872315473,2019-06-02 15:01:50,2019-08-31 15:01:50,37.1404057850978,-8.63541277004578,2018-08-21 18:45:00,2018-10-26 13:00:00,26517,0.807681764186287,MN38,MAb-TEST
PI040298AD5I212674,ALG_VDL_Mn39-1E8C,1E8C,76%,1NJjN6QpvM1534872498323,2019-06-02 15:01:50,2019-08-31 15:01:50,37.1404598619774,-8.63525056869004,2018-08-21 18:45:00,2018-10-26 13:15:00,26516,0.807651305168895,MN39,MA-TEST
PI040298AD5I212788,Alg_vdl_Wz01-FEA8,FEA8,10%,pXor4xm37Z1535277095914,2019-06-02 15:01:50,2019-08-31 15:01:50,37.13820901,-8.635637127,2018-08-26 11:00:00,2019-07-28 09:00:00,137,0.00423074547588166,WZ01,GRID
PI040298AD5I212794,ALG_VDL_LL08-FF0C,FF0C,59%,6Fm9sdmnPT1553939848187,2019-06-02 15:01:50,2019-08-31 15:01:50,37.1417333184065,-8.62635150554939,2019-03-30 10:15:00,2019-07-27 19:15:00,188,0.0161442679261486,LL08,GRID
PI040298AD5I212808,ALG_VDL_LL03-C701,C701,63%,NKvZCkOBJF1553935977451,2019-06-02 15:01:50,2019-08-31 15:01:50,37.143534132551,-8.62838663125625,2019-03-30 09:00:00,2019-07-27 19:00:00,189,0.0162231759656652,LL03,GRID
PI040298AD5I212829,ALG_VDL_Ss58-07AA,07AA,65%,mGXhZexuNK1536583980883,2019-06-02 15:01:50,2019-08-31 15:01:50,37.1389078635636,-8.63348880861954,2018-08-26 10:15:00,2019-07-28 09:15:00,1866,0.0576192681797128,SS58,GRID
PI040298AD5I212862,ALG_VDL_Ss12*-C15F,C15F,53%,e76687LEp41553618553317,2019-06-02 15:01:50,2019-08-31 15:01:50,37.1392348650421,-8.63334486488551,2019-03-26 17:00:00,2019-07-28 08:30:00,135,0.0112481253124479,SS12,SW2a-TEST
PI040298AD5I212864,ALG_VDL_ER02*-C14B,C14B,57%,aUZAkebdeq1553760025062,2019-06-02 15:01:50,2019-08-31 15:01:50,37.1408585974201,-8.6325494512606,2019-03-28 08:15:00,2019-07-29 09:00:00,618,0.0521739130434783,ER02,GRID
PI040298AD5I212865,ALG_VDL_EF02-C12E,C12E,55%,eyNBF2epky1553963264513,2019-06-02 15:01:50,2019-08-31 15:01:50,37.1397147373442,-8.62867555159317,2019-03-30 16:45:00,2019-07-27 19:30:00,187,0.0160943282554437,EF02,GRID
PI040298AD5I212913,ALG_VDL_Tn05-A4F9,A4F9,65%,jOdiVCQTJT1533051347156,2019-06-02 15:01:50,2019-08-31 15:01:50,37.1394273161197,-8.63513556594081,2018-08-17 12:15:00,2018-10-26 12:30:00,26553,0.79880268343311,TN05,GRID
PI040298AD5I212917,ALG_VDL_Mn46-5EC4,5EC4,88%,PntEIJl8sm1534873773800,2019-06-02 15:01:50,2019-08-31 15:01:50,37.1404475396936,-8.63501650937595,2018-08-21 19:00:00,2019-07-29 08:30:00,1547,0.0471215351812367,MN46,MAb-TEST
PI040298AD5I212921,ALG_VDL_Ss24-5F14,5F14,11%,I7HZtYJqzw1535193132130,2019-06-02 15:01:50,2019-08-31 15:01:50,37.139391302219,-8.63293890035322,2018-08-25 11:45:00,2019-07-29 18:00:00,1145,0.0352578906851424,SS24,SW3t-TEST
PI040298AD5I212923,ALG_VDL_Ss04-5E42,5E42,67%,3ZiZr5cqPW1535188872700,2019-06-02 15:01:50,2019-08-31 15:01:50,37.1392988116444,-8.63355262959753,2018-08-25 10:30:00,2019-04-21 06:45:00,10638,0.327524630541872,SS04,SW1t-TEST
PI040298AD5I212943,ALG_VDL_FR02•-0590,0590,88%,heQFfVxSDq1564254251361,2019-06-02 15:01:50,2019-08-31 15:01:50,37.1401211486922,-8.63053767733988,,,,,,
PI040298AD5I212947,ALG_VDL_Ss17-0635,0635,23%,DCE5cdXtpX1535192093776,2019-06-02 15:01:50,2019-08-31 15:01:50,37.139206121734,-8.6331614149763,2018-08-25 11:30:00,2019-06-30 17:00:00,11567,0.356170710678655,SS17,SW2b-TEST
PI040298AD5I212954,ALG_VDL_Fr-01-04A7,04A7,67%,OgtbvFJDa71552654297903,2019-06-02 15:01:50,2019-08-31 15:01:50,37.1393937868459,-8.63079471181086,2019-03-15 13:00:00,2019-07-27 19:00:00,189,0.0144561725562185,FR01,GRID
PI040298AD5I212982,ALG_VDL_SB08-54AD,54AD,91%,o2hzUJIcfj1535456889401,2019-06-02 15:01:50,2019-08-31 15:01:50,37.1384628549096,-8.63428816787675,2018-08-26 10:45:00,2019-07-28 09:00:00,9637,0.297594416823642,SB08,GRID
PI040298AD5I212983,ALG_VDL_SS38-54B8,54B8,88%,qTOCUc1C4a1535470213701,2019-06-02 15:01:50,2019-08-31 15:01:50,37.1399404598272,-8.63176123132114,2018-08-25 18:45:00,2019-07-29 17:45:00,3,9.2458470736894e-05,SS38,HPG-TEST
PI040298AD5I212991,ALG_VDL_Mn08-1108,1108,88%,K1wPau6XEM1534850765904,2019-06-02 15:01:50,2019-08-31 15:01:50,37.1398404525955,-8.63566548562686,2018-08-21 12:45:00,2019-07-29 07:45:00,3292,0.100197838989499,MN08,HM-TEST
PI040298AD5I212999,ALG_VDL_Mn40-53C2,53C2,6%,oFWr3ok6EU1534872677149,2019-06-02 15:01:50,2019-08-31 15:01:50,37.1404598619774,-8.63525056869004,2018-08-21 18:45:00,2018-11-27 15:45:00,23430,0.713654777496878,MN40,MCb-TEST
PI040298AD5I213006,ALG_VDL_Og03-6339,6339,90%,2okL4KwSOz1535298941239,2019-06-02 15:01:50,2019-08-31 15:01:50,37.1406928327007,-8.63381862900089,2018-08-26 17:15:00,2019-07-29 09:00:00,37,0.00114349290725345,OG03,GRID
PI040298AD5I213008,Alg_vdl_Wz03-630F,630F,57%,Tv8dtSq9mz1535277593531,2019-06-02 15:01:50,2019-08-31 15:01:50,37.13832962,-8.635290116,2018-08-26 11:15:00,2019-07-28 09:00:00,7272,0.224576140329205,WZ03,GRID
PI040298AD5I213013,ALG_VDL_Mn16-2F1D,2F1D,38%,I7EF0S7WP71534866900848,2019-06-02 15:01:50,2019-08-31 15:01:50,37.1402361987727,-8.63487013093514,2018-08-21 17:15:00,2019-01-24 11:00:00,17881,0.544538173401955,MN16,MA-TEST
PI040298AD5I213018,ALG_VDL_WZ04-3120,3120,72%,ciigV4Z3Uf1535277546589,2019-06-02 15:01:50,2019-08-31 15:01:50,37.13814128,-8.636439694,2018-08-26 11:15:00,2018-11-28 11:15:00,23356,0.721287174577685,WZ04,GRID
PI040298AD5I213020,ALG_VDL_Ss46-5456,5654,54%,wutSBwVoDP1535219239783,2019-06-02 15:01:50,2019-08-31 15:01:50,37.1395843438796,-8.6319729314912,2018-08-25 19:00:00,2018-12-10 16:45:00,22179,0.68356654133021,SS46,HPG-CONTROL
PI040298AD5I213031,ALG_VDL_Mn32-5559,5559,25%,QOjz7TCuyU1534870967925,2019-06-02 15:01:50,2019-08-31 15:01:50,37.1402362148764,-8.63543014896242,2018-08-21 18:15:00,2019-06-30 10:15:00,2816,0.0857673681966315,MN32,MCb-TEST
PI040298AD5I213035,ALG_VDL_SB09-553F,553F,92%,8xgiIQ6Zt11535456761202,2019-06-02 15:01:50,2019-08-31 15:01:50,37.1384628549096,-8.63428816787675,2018-08-26 11:00:00,2019-07-28 08:45:00,134,0.00413810141436601,SB09,GRID
PI040298AD5I213048,ALG_VDL_Ss16-4AA5,4AA5,0%,W0fxRKS00W1535191896310,2019-06-02 15:01:50,2019-08-31 15:01:50,37.139206121734,-8.6331614149763,2018-08-25 11:30:00,2019-07-29 17:30:00,5,0.000153959847271832,SS16,SW2b-TEST
PI040298AD5I213075,ALG_VDL_Mn15-4AE2,4AE2,10%,qAReUss1XH1534866678673,2019-06-02 15:01:50,2019-08-31 15:01:50,37.1402361987727,-8.63487013093514,2018-08-21 17:00:00,2018-12-24 13:30:00,20847,0.634843778549242,MN15,MAb-TEST
PI040298AD5I213076,ALG_VDL_Tn04-91AA,91AA,88%,JNuengmuMj1533050904745,2019-06-02 15:01:50,2019-08-31 15:01:50,37.1394273161197,-8.63513556594081,2018-08-17 12:15:00,2019-07-28 18:30:00,8740,0.262928311422641,TN04,GRID
PI040298AD5I213081,ALG_VDL_WZ05-926F,926F,89%,VmsfTVaWvU1535455620265,2019-06-02 15:01:50,2019-08-31 15:01:50,37.1384509338984,-8.6362008719156,2018-08-26 11:15:00,2019-07-28 09:00:00,4464,0.137858620796146,WZ05,GRID
PI040298AD5I213087,ALG_VDL_Tn18-8ED3,8ED3,86%,QW1MIRi3Cs1533058905631,2019-06-02 15:01:50,2019-08-31 15:01:50,37.1397919946021,-8.63458934297803,2018-08-17 12:15:00,2019-07-28 18:45:00,10901,0.327938389338468,TN18,GRID
PI040298AD5I213124,ALG_VDL_TS01-642E,642E,15%,5ABw42EwZS1535279371573,2019-06-02 15:01:50,2019-08-31 15:01:50,37.1383739678945,-8.63563728306547,2018-08-26 11:45:00,2019-07-28 09:00:00,137,0.00423113746564131,TS01,GRID
PI040298AD5I213125,ALG_VDL_Ss02-6442,6442,52%,QAHjHbm4wt1535188440361,2019-06-02 15:01:50,2019-08-31 15:01:50,37.13922088373,-8.6335680976671,2018-08-25 10:30:00,2018-10-29 10:15:00,26241,0.807912561576355,SS02,SW1a-TEST
PI040298AD5I213126,ALG_VDL_Ss12-632D,632D,85%,3gv8CwiSgl1535190867317,2019-06-02 15:01:50,2019-08-31 15:01:50,37.1391308108068,-8.63339052842582,2018-08-25 11:15:00,2018-10-12 13:30:00,27859,0.857807063460295,SS12,SW2a-TEST
PI040298AD5I213128,ALG_VDL_Mn11-61DB,61DB,51%,aJ6E8KbOnk1534851640535,2019-06-02 15:01:50,2019-08-31 15:01:50,37.1400463052534,-8.63509280903325,2018-08-21 13:00:00,2019-02-07 10:30:00,16539,0.503409021732514,MN11,HM-TEST
PI040298AD5I213129,ALG_VDL_Ss41-61FC,61FC,78%,n9vymDOacG1535218280769,2019-06-02 15:01:50,2019-08-31 15:01:50,37.1395201043047,-8.63239301002134,2018-08-25 18:45:00,2018-10-26 11:45:00,26522,0.817394520294634,SS41,HPG-TEST
PI040298AD5I213134,ALG_VDL_Ss18-55E3,55E3,79%,HuMqUAsiJv1535191722844,2019-06-02 15:01:50,2019-08-31 15:01:50,37.139206121734,-8.6331614149763,2018-08-25 11:30:00,2018-10-26 09:45:00,26534,0.817034117502156,SS18,SW2b-TEST
PI040298AD5I213167,ALG_VDL_TS11-0575,0575,91%,92aKeQ9DKG1535452625664,2019-06-02 15:01:50,2019-08-31 15:01:50,37.1387846359273,-8.63496553720071,2018-08-28 11:45:00,2019-07-28 09:15:00,137,0.00425637679808618,TS11,GRID
PI040298AD5I213170,ALG_VDL_ER01-0564,0564,90%,or2Co8W8C61535299808350,2019-06-02 15:01:50,2019-08-31 15:01:50,37.14082,-8.632846,2018-08-26 17:30:00,2019-07-29 09:15:00,8668,0.267894671776487,ER01,GRID
PI040298AD5I213175,ALG_VDL_Ss35-08CC,08CC,18%,xooPS0o4Ad1535217728753,2019-06-02 15:01:50,2019-08-31 15:01:50,37.1397135964553,-8.6324260328313,2018-08-25 18:30:00,2019-06-14 18:00:00,4325,0.133290187376726,SS35,SW3p-TEST
PI040298AD5I213228,ALG_VDL_SS48-5259,5259,58%,bP51T7I4eP1535470022826,2019-06-02 15:01:50,2019-08-31 15:01:50,37.1399404598272,-8.63176123132114,2018-08-25 19:00:00,2019-02-07 15:00:00,16521,0.509184491154534,SS48,HPG-CONTROL
PI040298AD5I213235,ALG_VDL_Ss14-536D,536D,59%,Mdu87uI2Rp1535191450191,2019-06-02 15:01:50,2019-08-31 15:01:50,37.139310354756,-8.63319748769151,2018-08-25 11:15:00,2018-10-29 10:30:00,26497,0.815869692397697,SS14,SW2t-TEST
PI040298AD5I213247,ALG_VDL_LL06-4D60,4D60,61%,RAl3wIW3bx1553938235478,2019-06-02 15:01:50,2019-08-31 15:01:50,37.1438603966673,-8.62532668917986,2019-03-30 09:45:00,2019-07-27 19:15:00,188,0.0161414956641195,LL06,GRID
PI040298AD5I213249,ALG_VDL_SS44-4D8F,4D8F,71%,xPDeeHfVsC1535218472792,2019-06-02 15:01:50,2019-08-31 15:01:50,37.13933,-8.63201,2018-08-25 19:00:00,2018-11-27 14:15:00,23687,0.730043765024965,SS44,HPG-CONTROL
PI040298AD5I213286,ALG_VDL_TN05*-1087,1087,60%,TKSNLEnHnB1553682376455,2019-06-02 15:01:50,2019-08-31 15:01:50,37.1393067668847,-8.63542673877151,2019-03-27 10:45:00,2019-07-28 18:30:00,95,0.0079624507585282,TN05,GRID
PI040298AD5I213293,ALG_VDL_LL01-5BF1,5BF1,64%,p5aBoWBeSq1553934651003,2019-06-02 15:01:50,2019-08-31 15:01:50,37.1425840910881,-8.62782954494742,2019-03-30 08:45:00,2019-07-27 19:00:00,1306,0.112093382542271,LL01,GRID
PI040298AD5I213355,ALG_VDL_Mn29-FD71,FD71,85%,Y2WJEk7Ygz1534869616057,2019-06-02 15:01:50,2019-08-31 15:01:50,37.1403760428248,-8.63521370227103,2018-08-21 18:00:00,2019-07-29 08:15:00,4416,0.13449473107145,MN29,SW-TEST
PI040298AD5I213389,ALG_VDL_Ss02*-C718,C718,57%,TYwWIb6UZz1553613995621,2019-06-02 15:01:50,2019-08-31 15:01:50,37.139229958953,-8.63356721143994,2019-03-26 15:45:00,2019-07-28 08:30:00,135,0.0112434413258932,SS02,SW1a-TEST
PI040298AD5I213390,ALG_VDL_Mn04*-B537,B537,60%,ImCQEV5YqI1553619892539,2019-06-02 15:01:50,2019-08-31 15:01:50,37.1399581665268,-8.6346654282159,2019-03-26 17:15:00,2019-07-29 07:45:00,42,0.00349970835763686,MN04,HM-TEST
PI040298AD5I213392,ALG_VDL_MN21-B434,B434,64%,ikd6cCGUSF1554044581946,2019-06-02 15:01:50,2019-08-31 15:01:50,37.1402309690165,-8.63511104460496,2019-03-31 16:15:00,2019-07-29 08:30:00,39,0.00338277387457715,MN21,SW-TEST
PI040298AD5I213394,ALG_VDL_EF01-B3DA,B3DA,62%,V8QlGr8G5a1553962451243,2019-06-02 15:01:50,2019-08-31 15:01:50,37.1400203458921,-8.62864444773639,2019-03-30 16:30:00,2019-07-27 19:30:00,187,0.0160929432013769,EF01,GRID
PI040298AD5I213420,ALG_VDL_Mn05-392B,392B,86%,mDOSxUTaS01534849950866,2019-06-02 15:01:50,2019-08-31 15:01:50,37.1398819704364,-8.63526069498754,2018-08-21 12:30:00,2019-07-29 07:45:00,1836,0.0558802045288532,MN05,HM-CONTROL
PI040298AD5I213432,ALG_VDL_Mn23-316E,316E,36%,3hYvj31drJ1534868180078,2019-06-02 15:01:50,2019-08-31 15:01:50,37.1403152508821,-8.63510936988484,2018-08-21 17:30:00,2019-05-06 07:45:00,8106,0.246863198928006,MN23,MCb-TEST
PI040298AD5I213444,ALG_VDL_Mn33-3136,3136,55%,2qkTIALEHg1534871175465,2019-06-02 15:01:50,2019-08-31 15:01:50,37.1402362148764,-8.63543014896242,2018-08-21 18:15:00,2019-01-24 11:15:00,17885,0.544726342399415,MN33,MC-TEST
PI040298AD5I213451,ALG_VDL_Ss13-3100,3100,25%,o2qYk7uYgD1535191040151,2019-06-02 15:01:50,2019-08-31 15:01:50,37.1391308108068,-8.63339052842582,2018-08-25 11:15:00,2018-11-27 13:30:00,25041,0.77103796532931,SS13,SW2a-TEST
PI040298AD5I213454,ALG_VDL_ER02-533F,533F,36%,tax5p6Okho1535449241608,2019-06-02 15:01:50,2019-08-31 15:01:50,37.1408710655339,-8.63255301862945,2018-08-28 11:00:00,2019-01-24 12:00:00,17877,0.555358807082945,ER02,GRID
PI040298AD5I213504,ALG_VDL_Ss05*-3462,3462,54%,MiMGWDmVRH1553615059520,2019-06-02 15:01:50,2019-08-31 15:01:50,37.139192788856,-8.6335104647513,2019-03-26 16:00:00,2019-07-28 08:30:00,158,0.013160086623355,SS05,SW1t-TEST
PI040298AD5I213518,ALG_VDL_Ss03-5E32,5E32,87%,y3ikbOQpYD1535188689637,2019-06-02 15:01:50,2019-08-31 15:01:50,37.1392988116444,-8.63355262959753,2018-08-25 10:30:00,2018-09-24 11:15:00,29596,0.911206896551724,SS03,SW1a-TEST
PI040298AD5I213521,ALG_VDL_SS42-5DF9,5DF9,31%,yjaVD0r6VP1535470143233,2019-06-02 15:01:50,2019-08-31 15:01:50,37.1399404598272,-8.63176123132114,2018-08-25 18:45:00,2019-02-07 15:00:00,16521,0.509168798348075,SS42,HPG-TEST
PI040298AD5I213524,ALG_VDL_Ss20-6099,6099,47%,2s4oP73rSr1535192424694,2019-06-02 15:01:50,2019-08-31 15:01:50,37.139206121734,-8.6331614149763,2018-08-25 11:30:00,2019-03-02 12:45:00,15513,0.477675822145584,SS20,SW3a-TEST
PI040298AD5I213527,ALG_VDL_SS37-60CB,60CB,87%,TCFvnJZINF1535470271518,2019-06-02 15:01:50,2019-08-31 15:01:50,37.1399404598272,-8.63176123132114,2018-08-25 18:30:00,2019-07-29 17:45:00,1104,0.0340236686390533,SS37,HPG-TEST
PI040298AD5I213531,ALG_VDL_Mn19-608E,608E,43%,pQXMgrvKtg1534867440980,2019-06-02 15:01:50,2019-08-31 15:01:50,37.1401846700159,-8.63503453068209,2018-08-21 17:15:00,2018-11-27 15:30:00,23431,0.713554831440144,MN19,MBb-TEST
PI040298AD5I213557,ALG_VDL_Mn44-5766,5766,85%,oRdZEjqZC81534873425100,2019-06-02 15:01:50,2019-08-31 15:01:50,37.1404475396936,-8.63501650937595,2018-08-21 19:00:00,2019-07-29 08:30:00,5394,0.1643009442583,MN44,MAb-TEST
PI040298AD5I213559,ALG_VDL_Ss19-5968,5968,62%,GMlIHZ3Woe1535192572102,2019-06-02 15:01:50,2019-08-31 15:01:50,37.1393363058295,-8.6331370088226,2018-08-25 11:30:00,2018-12-10 16:15:00,23184,0.713881019830028,SS19,SW2p-TEST
PI040298AD5I213561,ALG_VDL_Ss45-58DD,58DD,89%,sJCZG81o1O1535218842733,2019-06-02 15:01:50,2019-08-31 15:01:50,37.1394840876003,-8.6320246183177,2018-08-25 19:00:00,2019-07-29 17:45:00,3127,0.0963755162423719,SS45,HPG-CONTROL
PI040298AD5I213827,ALG_VDL_SS50-C142,C142,6%,psrhsvhrJW1535469737665,2019-06-02 15:01:50,2019-08-31 15:01:50,37.1399404598272,-8.63176123132114,2018-08-25 19:15:00,2019-07-29 17:30:00,3520,0.108491292957312,SS50,GRID
PI040298AD5I213836,ALG_VDL_WZ06-4704,4704,91%,agl8HPwFpS1535278218371,2019-06-02 15:01:50,2019-08-31 15:01:50,37.13852207,-8.635951029,2018-08-26 11:30:00,2019-07-28 09:00:00,138,0.00426189005558987,WZ06,GRID
PI040298AD5I213852,ALG_VDL_Ss26-6401,6401,85%,E8HPF1N1Py1535193571285,2019-06-02 15:01:50,2019-08-31 15:01:50,37.139391302219,-8.63293890035322,2018-08-25 12:00:00,2019-05-12 07:15:00,10265,0.316099033072612,SS26,SW3b-TEST
PI040298AD5I213854,ALG_VDL_Mn43-641D,641D,57%,IF46U0xAuo1534873235737,2019-06-02 15:01:50,2019-08-31 15:01:50,37.1404598619774,-8.63525056869004,2018-08-21 19:00:00,2019-02-07 10:45:00,16538,0.503746573256168,MN43,MB-TEST
PI040298AD5I213859,ALG_VDL_Mn25-640D,640D,47%,fI5ZO61PA41534868523233,2019-06-02 15:01:50,2019-08-31 15:01:50,37.14019954,-8.635155251,2018-08-21 17:30:00,2019-02-07 10:30:00,16540,0.503715434279449,MN25,SW-TEST
PI040298AD5I213880,ALG_VDL_Og06-1BF2,1BF2,89%,CmSxAzgehi1535299936326,2019-06-02 15:01:50,2019-08-31 15:01:50,37.1406913233534,-8.63314265252397,2018-08-26 17:30:00,2019-07-29 09:15:00,7461,0.230590925948819,OG06,GRID
PI040298AD5I213912,ALG_VDL_Ss53-1659,1659,86%,nSc3coxo561535220123471,2019-06-02 15:01:50,2019-08-31 15:01:50,37.1392109040649,-8.6309329045655,2018-08-25 19:15:00,2019-07-29 17:45:00,1847,0.0569271074125443,SS53,GRID
PI040298AD5I213916,ALG_VDL_SB10-4D23,4D23,85%,78w6hXvI1D1535276168367,2019-06-02 15:01:50,2019-08-31 15:01:50,37.138352,-8.634617217,2018-08-26 11:00:00,2019-07-28 08:45:00,6176,0.190723241306899,SB10,GRID
PI040298AD5I213936,ALG_VDL_Sb02-947E,947E,84%,YaOFT1wYaN1535222231822,2019-06-02 15:01:50,2019-08-31 15:01:50,37.1389362971288,-8.63164808578282,2018-08-25 19:45:00,2019-07-28 08:45:00,1469,0.0452794131245569,SB02,GRID
PI040298AD5I213952,ALG_VDL_OG07*-C758,C758,62%,oIeephFnoc1553760826471,2019-06-02 15:01:50,2019-08-31 15:01:50,37.1404527536693,-8.63336533924644,2019-03-28 08:30:00,2019-07-29 18:15:00,0,0,OG07,GRID
PI040298AD5I213954,ALG_VDL_TN16*-C6E7,C6E7,60%,Q0U6XPgfpH1553685091253,2019-06-02 15:01:50,2019-08-31 15:01:50,37.1396938917469,-8.6350394528587,2019-03-27 11:30:00,2019-07-28 18:45:00,94,0.00788061703554661,TN16,GRID
PI040298AD5I213966,ALG_VDL_Mn22-0F0C,0F0C,46%,MySbD5DVVV1534867996413,2019-06-02 15:01:50,2019-08-31 15:01:50,37.1402622335523,-8.63509260148648,2018-08-21 17:30:00,2019-05-06 07:45:00,8106,0.246863198928006,MN22,MC-TEST
PI040298AD5I213967,ALG_VDL_Mn26-0F04,0F04,78%,v9vbFeB7vf1534868821800,2019-06-02 15:01:50,2019-08-31 15:01:50,37.1403152508821,-8.63510936988484,2018-08-21 17:45:00,2018-10-26 13:00:00,26517,0.807583371402467,MN26,MA-TEST
PI040298AD5I214003,ALG_VDL_Mn37-3757,3757,90%,tiSvZU4Xv81534872148273,2019-06-02 15:01:50,2019-08-31 15:01:50,37.1404057850978,-8.63541277004578,2018-08-21 18:30:00,2019-07-29 08:45:00,1114,0.0339303118908382,MN37,MB-TEST
PI040298AD5I214008,ALG_VDL_SB06-4E71,4E71,91%,BlYN9wFDHv1535457052190,2019-06-02 15:01:50,2019-08-31 15:01:50,37.1384628549096,-8.63428816787675,2018-08-26 10:45:00,2019-07-28 09:00:00,134,0.00413797362813822,SB06,GRID
PI040298AD5I214020,ALG_VDL_Ss32-5D64,5D64,49%,ddb5C9TadW1535216387975,2019-06-02 15:01:50,2019-08-31 15:01:50,37.1395701306988,-8.63260807928343,2018-08-25 18:15:00,2018-10-26 10:15:00,26532,0.81765231594194,SS32,SW3p-TEST
PI040298AD5I214021,ALG_VDL_Mn10-5D46,5D46,63%,VKTuZBe3Jr1534851436104,2019-06-02 15:01:50,2019-08-31 15:01:50,37.1400463052534,-8.63509280903325,2018-08-21 12:45:00,2019-07-29 07:45:00,16018,0.487536143661543,MN10,HM-CONTROL
PI040298AD5I214023,ALG_VDL_SS36-5C9B,5C9B,2%,8JTf8eDMhu1535470333956,2019-06-02 15:01:50,2019-08-31 15:01:50,37.1399404598272,-8.63176123132114,2018-08-25 18:15:00,2019-07-29 17:45:00,2,6.16351813615212e-05,SS36,HPG-TEST
PI040298AD5I214027,ALG_VDL_Ss55-5D52,5D52,88%,HHmLWtfACp1535221024093,2019-06-02 15:01:50,2019-08-31 15:01:50,37.1391022893847,-8.63144746787803,2018-08-25 19:30:00,2019-07-29 17:45:00,2767,0.0852854148686968,SS55,GRID
PI040298AD5I214030,ALG_VDL_Mn14-5FFA,5FFA,59%,YOQhXfzyzk1534866511713,2019-06-02 15:01:50,2019-08-31 15:01:50,37.1402361987727,-8.63487013093514,2018-08-21 17:00:00,2019-01-24 11:15:00,17880,0.544491138315366,MN14,MA-TEST
PI040298AD5I214031,ALG_VDL_Ss25-5FB5,5FB5,87%,o1h1i4QP8e1535193367948,2019-06-02 15:01:50,2019-08-31 15:01:50,37.139391302219,-8.63293890035322,2018-08-25 11:45:00,2019-03-31 18:00:00,13290,0.409237875288684,SS25,SW3t-TEST
PI040298AD5I214057,ALG_VDL_Ss11-3390,3390,17%,ln7GJkYJoH1535190707803,2019-06-02 15:01:50,2019-08-31 15:01:50,37.1391308108068,-8.63339052842582,2018-08-25 11:00:00,2019-06-30 17:00:00,2793,0.0859966746720857,SS11,SW2a-TEST
PI040298AD5I214059,ALG_VDL_Mn36-33A1,33A1,87%,JGZlQjZxb61534871984747,2019-06-02 15:01:50,2019-08-31 15:01:50,37.1404057850978,-8.63541277004578,2018-08-21 18:30:00,2018-09-24 10:15:00,29600,0.901559454191033,MN36,MBb-TEST
PI040298AD5I214085,ALG_VDL_Mn01*-57D0,57D0,61%,xUdVB3FQcy1553619499851,2019-06-02 15:01:50,2019-08-31 15:01:50,37.1399581665268,-8.6346654282159,2019-03-26 17:15:00,2019-07-29 07:45:00,42,0.00349970835763686,MN01,GRID
PI040298AD5I214087,ALG_VDL_Ss10*-5746,5746,85%,a525HXXwtr1553618078735,2019-06-02 15:01:50,2019-08-31 15:01:50,37.1391481465389,-8.63342658162273,2019-03-26 16:45:00,2019-04-21 06:45:00,9550,0.795634424727152,SS10,SW1p-TEST
PI040298AD5I214088,ALG_VDL_Mn13-5738,5738,67%,JZ9TXxrjPj1534866346770,2019-06-02 15:01:50,2019-08-31 15:01:50,37.1402361987727,-8.63487013093514,2018-08-21 17:00:00,2018-12-10 15:00:00,23756,0.723430172361289,MN13,SW-TEST
PI040298AD5I214089,ALG_VDL_Mn42-587C,587C,39%,YOk9ARZHTb1534873026030,2019-06-02 15:01:50,2019-08-31 15:01:50,37.1404598619774,-8.63525056869004,2018-08-21 18:45:00,2019-02-07 10:45:00,16538,0.503731229630532,MN42,MBb-TEST
PI040298AD5I214090,ALG_VDL_Mn12-57E5,57E5,82%,cpTeFaY9631534851911890,2019-06-02 15:01:50,2019-08-31 15:01:50,37.1400463052534,-8.63509280903325,2018-08-21 13:00:00,2018-10-13 15:30:00,27755,0.844798198088513,MN12,GRID
PI040298AD5I214095,ALG_VDL_ER04-5151,5151,69%,N0Av1q9RBX1535449757766,2019-06-02 15:01:50,2019-08-31 15:01:50,37.1409453121743,-8.63192230965865,2018-08-28 11:00:00,2018-11-14 17:00:00,24673,0.766480273376825,ER04,GRID
PI040298AD5I214096,ALG_VDL_Og05-5181,5181,89%,TzVkMzHNuP1535299997107,2019-06-02 15:01:50,2019-08-31 15:01:50,37.1406913233534,-8.63314265252397,2018-08-26 17:15:00,2019-07-29 18:30:00,11491,0.355131810736471,OG05,GRID
PI040298AD5I214098,ALG_VDL_Ss34-5176,5176,65%,1gnNPEMazq1535217387514,2019-06-02 15:01:50,2019-08-31 15:01:50,37.139367820968,-8.63262358874735,2018-08-25 18:30:00,2019-01-09 15:30:00,20255,0.624229536489152,SS34,SW3p-TEST
PI040298AD5I214120,ALG_VDL_LG01-3185,3185,40%,w3ekZJSYoQ1542459950561,2019-06-02 15:01:50,2019-08-31 15:01:50,37.1412188081633,-8.63083056500579,2019-01-04 19:15:00,2019-07-27 19:00:00,235,0.0118872982953108,LG01,GRID
PI040298AD5I214139,ALG_VDL_Ss07-2CF7,2CF7,4%,KDhBY6w3ex1537785253361,2019-06-02 15:01:50,2019-08-31 15:01:50,37.1391043016523,-8.63357598011613,2018-09-08 16:00:00,2018-11-27 13:00:00,23441,0.753390756572604,SS07,SW1b-TEST